eil51_n50_bounded-strongly-corr_01.ttp,246,0,6683,0,730.3903028396878,3440.0670553917857,1089
eil51_n50_bounded-strongly-corr_01.ttp,246,0,6683,0,730.3903028396878,3440.0670553917857,976
eil51_n50_bounded-strongly-corr_01.ttp,150,0,6779,0,750.8405128871906,3445.2681227808735,935
eil51_n50_bounded-strongly-corr_01.ttp,150,0,6779,0,750.8405128871906,3445.2681227808735,1018
eil51_n50_bounded-strongly-corr_01.ttp,150,0,6779,0,750.8405128871906,3445.2681227808735,985
eil51_n50_bounded-strongly-corr_01.ttp,246,0,6683,0,730.3903028396878,3440.0670553917857,993
eil51_n50_bounded-strongly-corr_01.ttp,246,0,6683,0,730.3903028396878,3440.0670553917857,995
eil51_n50_bounded-strongly-corr_01.ttp,150,0,6779,0,750.8405128871906,3445.2681227808735,1009
eil51_n50_bounded-strongly-corr_01.ttp,150,0,6779,0,750.8405128871906,3445.2681227808735,1036
eil51_n50_bounded-strongly-corr_01.ttp,150,0,6779,0,750.8405128871906,3445.2681227808735,1091
eil51_n50_bounded-strongly-corr_02.ttp,491,0,11268,0,723.3045881853029,3839.661879336939,1314
eil51_n50_bounded-strongly-corr_02.ttp,518,0,11241,0,719.686345356322,3849.8212331905734,1350
eil51_n50_bounded-strongly-corr_02.ttp,518,0,11241,0,719.686345356322,3849.8212331905734,1300
eil51_n50_bounded-strongly-corr_02.ttp,491,0,11268,0,723.3045881853029,3839.661879336939,1307
eil51_n50_bounded-strongly-corr_02.ttp,518,0,11241,0,719.686345356322,3849.8212331905734,1329
eil51_n50_bounded-strongly-corr_02.ttp,518,0,11241,0,719.686345356322,3849.8212331905734,1392
eil51_n50_bounded-strongly-corr_02.ttp,518,0,11241,0,719.686345356322,3849.8212331905734,1353
eil51_n50_bounded-strongly-corr_02.ttp,476,0,11283,0,724.7847157981463,3839.4609687530383,1356
eil51_n50_bounded-strongly-corr_02.ttp,491,0,11268,0,723.3045881853029,3839.661879336939,1363
eil51_n50_bounded-strongly-corr_02.ttp,518,0,11241,0,719.686345356322,3849.8212331905734,1335
eil51_n50_bounded-strongly-corr_03.ttp,266,0,16423,0,673.5219956649233,5006.802173479549,1292
eil51_n50_bounded-strongly-corr_03.ttp,266,0,16423,0,673.5219956649233,5006.802173479549,1322
eil51_n50_bounded-strongly-corr_03.ttp,266,0,16423,0,673.5219956649233,5006.802173479549,1359
eil51_n50_bounded-strongly-corr_03.ttp,266,0,16423,0,673.5219956649233,5006.802173479549,1421
eil51_n50_bounded-strongly-corr_03.ttp,266,0,16423,0,673.5219956649233,5006.802173479549,1239
eil51_n50_bounded-strongly-corr_03.ttp,266,0,16423,0,673.5219956649233,5006.802173479549,1242
eil51_n50_bounded-strongly-corr_03.ttp,266,0,16423,0,673.5219956649233,5006.802173479549,1243
eil51_n50_bounded-strongly-corr_03.ttp,306,0,16483,0,678.8020018910123,4977.306067947342,1300
eil51_n50_bounded-strongly-corr_03.ttp,266,0,16423,0,673.5219956649233,5006.802173479549,1253
eil51_n50_bounded-strongly-corr_03.ttp,266,0,16423,0,673.5219956649233,5006.802173479549,1404
eil51_n50_bounded-strongly-corr_04.ttp,1022,0,20197,0,688.5208460099627,4973.804094719724,2067
eil51_n50_bounded-strongly-corr_04.ttp,1022,0,20197,0,688.5208460099627,4973.804094719724,2093
eil51_n50_bounded-strongly-corr_04.ttp,1022,0,20197,0,688.5208460099627,4973.804094719724,2269
eil51_n50_bounded-strongly-corr_04.ttp,1022,0,20197,0,688.5208460099627,4973.804094719724,2062
eil51_n50_bounded-strongly-corr_04.ttp,1022,0,20197,0,688.5208460099627,4973.804094719724,2110
eil51_n50_bounded-strongly-corr_04.ttp,1022,0,20197,0,688.5208460099627,4973.804094719724,2193
eil51_n50_bounded-strongly-corr_04.ttp,1022,0,20197,0,688.5208460099627,4973.804094719724,2056
eil51_n50_bounded-strongly-corr_04.ttp,1022,0,20197,0,688.5208460099627,4973.804094719724,2039
eil51_n50_bounded-strongly-corr_04.ttp,1022,0,20197,0,688.5208460099627,4973.804094719724,2054
eil51_n50_bounded-strongly-corr_04.ttp,1022,0,20197,0,688.5208460099627,4973.804094719724,2096
eil51_n50_bounded-strongly-corr_05.ttp,1868,0,23881,0,662.8128317961624,4149.061997428245,2314
eil51_n50_bounded-strongly-corr_05.ttp,1868,0,23881,0,662.8128317961624,4149.061997428245,2301
eil51_n50_bounded-strongly-corr_05.ttp,1868,0,23881,0,662.8128317961624,4149.061997428245,2250
eil51_n50_bounded-strongly-corr_05.ttp,1868,0,23881,0,662.8128317961624,4149.061997428245,2295
eil51_n50_bounded-strongly-corr_05.ttp,1868,0,23881,0,662.8128317961624,4149.061997428245,2279
eil51_n50_bounded-strongly-corr_05.ttp,1868,0,23881,0,662.8128317961624,4149.061997428245,2283
eil51_n50_bounded-strongly-corr_05.ttp,1868,0,23881,0,662.8128317961624,4149.061997428245,2311
eil51_n50_bounded-strongly-corr_05.ttp,1868,0,23881,0,662.8128317961624,4149.061997428245,2281
eil51_n50_bounded-strongly-corr_05.ttp,1868,0,23881,0,662.8128317961624,4149.061997428245,2316
eil51_n50_bounded-strongly-corr_05.ttp,1868,0,23881,0,662.8128317961624,4149.061997428245,2245
eil51_n50_bounded-strongly-corr_06.ttp,2605,0,27773,0,685.3707030695933,5998.772763479021,2370
eil51_n50_bounded-strongly-corr_06.ttp,2605,0,27773,0,685.3707030695933,5998.772763479021,2408
eil51_n50_bounded-strongly-corr_06.ttp,2605,0,27773,0,685.3707030695933,5998.772763479021,2434
eil51_n50_bounded-strongly-corr_06.ttp,2605,0,27773,0,685.3707030695933,5998.772763479021,2401
eil51_n50_bounded-strongly-corr_06.ttp,2605,0,27773,0,685.3707030695933,5998.772763479021,2420
eil51_n50_bounded-strongly-corr_06.ttp,2605,0,27773,0,685.3707030695933,5998.772763479021,2435
eil51_n50_bounded-strongly-corr_06.ttp,2605,0,27773,0,685.3707030695933,5998.772763479021,2349
eil51_n50_bounded-strongly-corr_06.ttp,2605,0,27773,0,685.3707030695933,5998.772763479021,2444
eil51_n50_bounded-strongly-corr_06.ttp,2605,0,27773,0,685.3707030695933,5998.772763479021,2443
eil51_n50_bounded-strongly-corr_06.ttp,2605,0,27773,0,685.3707030695933,5998.772763479021,2405
eil51_n50_bounded-strongly-corr_07.ttp,3407,0,31401,0,691.3688290449339,7424.329008721692,2493
eil51_n50_bounded-strongly-corr_07.ttp,3407,0,31401,0,691.3688290449339,7424.329008721692,2581
eil51_n50_bounded-strongly-corr_07.ttp,3407,0,31401,0,691.3688290449339,7424.329008721692,2526
eil51_n50_bounded-strongly-corr_07.ttp,3407,0,31401,0,691.3688290449339,7424.329008721692,2512
eil51_n50_bounded-strongly-corr_07.ttp,2746,0,31862,0,705.6231937589711,7390.987640438885,2532
eil51_n50_bounded-strongly-corr_07.ttp,3407,0,31401,0,691.3688290449339,7424.329008721692,2492
eil51_n50_bounded-strongly-corr_07.ttp,3407,0,31401,0,691.3688290449339,7424.329008721692,2539
eil51_n50_bounded-strongly-corr_07.ttp,3407,0,31401,0,691.3688290449339,7424.329008721692,2423
eil51_n50_bounded-strongly-corr_07.ttp,3407,0,31401,0,691.3688290449339,7424.329008721692,2466
eil51_n50_bounded-strongly-corr_07.ttp,3407,0,31401,0,691.3688290449339,7424.329008721692,2560
eil51_n50_bounded-strongly-corr_08.ttp,5688,0,33550,0,697.2947272988669,5191.023440755085,2524
eil51_n50_bounded-strongly-corr_08.ttp,5688,0,33550,0,697.2947272988669,5191.023440755085,2525
eil51_n50_bounded-strongly-corr_08.ttp,5688,0,33550,0,697.2947272988669,5191.023440755085,2521
eil51_n50_bounded-strongly-corr_08.ttp,5688,0,33550,0,697.2947272988669,5191.023440755085,2536
eil51_n50_bounded-strongly-corr_08.ttp,5688,0,33550,0,697.2947272988669,5191.023440755085,2456
eil51_n50_bounded-strongly-corr_08.ttp,5688,0,33550,0,697.2947272988669,5191.023440755085,2557
eil51_n50_bounded-strongly-corr_08.ttp,5688,0,33550,0,697.2947272988669,5191.023440755085,2517
eil51_n50_bounded-strongly-corr_08.ttp,5688,0,33550,0,697.2947272988669,5191.023440755085,2535
eil51_n50_bounded-strongly-corr_08.ttp,5688,0,33550,0,697.2947272988669,5191.023440755085,2559
eil51_n50_bounded-strongly-corr_08.ttp,5688,0,33550,0,697.2947272988669,5191.023440755085,2544
eil51_n50_bounded-strongly-corr_09.ttp,7270,0,36198,0,693.7936358601809,4720.582741023594,2565
eil51_n50_bounded-strongly-corr_09.ttp,7270,0,36198,0,693.7936358601809,4720.582741023594,2596
eil51_n50_bounded-strongly-corr_09.ttp,7270,0,36198,0,693.7936358601809,4720.582741023594,2566
eil51_n50_bounded-strongly-corr_09.ttp,7270,0,36198,0,693.7936358601809,4720.582741023594,2787
eil51_n50_bounded-strongly-corr_09.ttp,7270,0,36198,0,693.7936358601809,4720.582741023594,2726
eil51_n50_bounded-strongly-corr_09.ttp,7270,0,36198,0,693.7936358601809,4720.582741023594,2605
eil51_n50_bounded-strongly-corr_09.ttp,7270,0,36198,0,693.7936358601809,4720.582741023594,2592
eil51_n50_bounded-strongly-corr_09.ttp,7270,0,36198,0,693.7936358601809,4720.582741023594,2589
eil51_n50_bounded-strongly-corr_09.ttp,7270,0,36198,0,693.7936358601809,4720.582741023594,2543
eil51_n50_bounded-strongly-corr_09.ttp,7270,0,36198,0,693.7936358601809,4720.582741023594,2545
eil51_n50_bounded-strongly-corr_10.ttp,6371,0,42027,0,731.4172107456745,10217.665504670615,2590
eil51_n50_bounded-strongly-corr_10.ttp,6331,0,41967,0,730.4174681170327,10201.144311590244,2643
eil51_n50_bounded-strongly-corr_10.ttp,6555,0,41843,0,726.3673070505102,10253.285816373307,2522
eil51_n50_bounded-strongly-corr_10.ttp,6371,0,42027,0,731.4172107456745,10217.665504670615,2600
eil51_n50_bounded-strongly-corr_10.ttp,6371,0,42027,0,731.8266858525349,10199.857432273257,2539
eil51_n50_bounded-strongly-corr_10.ttp,6144,0,42254,0,736.3885677069873,10228.461190423124,2556
eil51_n50_bounded-strongly-corr_10.ttp,6371,0,42027,0,731.8266858525349,10199.857432273257,2928
eil51_n50_bounded-strongly-corr_10.ttp,6555,0,41843,0,726.3673070505102,10253.285816373307,2687
eil51_n50_bounded-strongly-corr_10.ttp,6144,0,42254,0,736.3885677069873,10228.461190423124,2571
eil51_n50_bounded-strongly-corr_10.ttp,6331,0,41967,0,730.0212745902328,10218.374768070775,2582
eil51_n50_uncorr_01.ttp,171,0,7085,0,675.834578434405,2225.7493810566275,882
eil51_n50_uncorr_01.ttp,171,0,7085,0,675.834578434405,2225.7493810566275,921
eil51_n50_uncorr_01.ttp,171,0,7085,0,675.834578434405,2225.7493810566275,963
eil51_n50_uncorr_01.ttp,171,0,7085,0,675.834578434405,2225.7493810566275,843
eil51_n50_uncorr_01.ttp,171,0,7085,0,675.834578434405,2225.7493810566275,893
eil51_n50_uncorr_01.ttp,171,0,7085,0,675.834578434405,2225.7493810566275,850
eil51_n50_uncorr_01.ttp,171,0,7085,0,675.834578434405,2225.7493810566275,888
eil51_n50_uncorr_01.ttp,171,0,7085,0,675.834578434405,2225.7493810566275,945
eil51_n50_uncorr_01.ttp,171,0,7085,0,675.834578434405,2225.7493810566275,882
eil51_n50_uncorr_01.ttp,171,0,7085,0,675.834578434405,2225.7493810566275,899
eil51_n50_uncorr_02.ttp,63,0,11262,0,721.708854180588,4246.989937364684,1015
eil51_n50_uncorr_02.ttp,63,0,11262,0,721.708854180588,4246.989937364684,1174
eil51_n50_uncorr_02.ttp,63,0,11262,0,721.708854180588,4246.989937364684,1029
eil51_n50_uncorr_02.ttp,63,0,11262,0,721.708854180588,4246.989937364684,1022
eil51_n50_uncorr_02.ttp,63,0,11262,0,721.708854180588,4246.989937364684,1016
eil51_n50_uncorr_02.ttp,63,0,11262,0,721.708854180588,4246.989937364684,1120
eil51_n50_uncorr_02.ttp,63,0,11262,0,721.708854180588,4246.989937364684,1057
eil51_n50_uncorr_02.ttp,63,0,11262,0,721.708854180588,4246.989937364684,1079
eil51_n50_uncorr_02.ttp,63,0,11262,0,721.708854180588,4246.989937364684,1051
eil51_n50_uncorr_02.ttp,63,0,11262,0,721.708854180588,4246.989937364684,1063
eil51_n50_uncorr_03.ttp,825,0,13144,0,658.9331714018456,4610.8154303461,2216
eil51_n50_uncorr_03.ttp,825,0,13144,0,658.9331714018456,4610.8154303461,2203
eil51_n50_uncorr_03.ttp,825,0,13144,0,658.9331714018456,4610.8154303461,2176
eil51_n50_uncorr_03.ttp,825,0,13144,0,658.9331714018456,4610.8154303461,2322
eil51_n50_uncorr_03.ttp,825,0,13144,0,658.9331714018456,4610.8154303461,2131
eil51_n50_uncorr_03.ttp,825,0,13144,0,658.9331714018456,4610.8154303461,2140
eil51_n50_uncorr_03.ttp,825,0,13144,0,658.9331714018456,4610.8154303461,2165
eil51_n50_uncorr_03.ttp,825,0,13144,0,658.9331714018456,4610.8154303461,2189
eil51_n50_uncorr_03.ttp,825,0,13144,0,658.9331714018456,4610.8154303461,2147
eil51_n50_uncorr_03.ttp,825,0,13144,0,658.9331714018456,4610.8154303461,2128
eil51_n50_uncorr_04.ttp,1456,0,15006,0,664.7663183543602,1936.694181153278,2486
eil51_n50_uncorr_04.ttp,1730,0,14868,0,658.7305149922043,1917.3580752532616,2443
eil51_n50_uncorr_04.ttp,1730,0,14868,0,658.7305149922043,1917.3580752532616,2419
eil51_n50_uncorr_04.ttp,1456,0,15006,0,664.7663183543602,1936.694181153278,2546
eil51_n50_uncorr_04.ttp,1456,0,15006,0,664.7663183543602,1936.694181153278,2459
eil51_n50_uncorr_04.ttp,1456,0,15006,0,664.7663183543602,1936.694181153278,2418
eil51_n50_uncorr_04.ttp,1456,0,15006,0,664.7663183543602,1936.694181153278,2516
eil51_n50_uncorr_04.ttp,1456,0,15006,0,664.7663183543602,1936.694181153278,2492
eil51_n50_uncorr_04.ttp,1730,0,14868,0,658.7305149922043,1917.3580752532616,2484
eil51_n50_uncorr_04.ttp,1456,0,15006,0,664.7663183543602,1936.694181153278,2520
eil51_n50_uncorr_05.ttp,2398,0,16495,0,663.836189433968,3483.8106870942265,2435
eil51_n50_uncorr_05.ttp,2398,0,16495,0,663.836189433968,3483.8106870942265,2388
eil51_n50_uncorr_05.ttp,2398,0,16495,0,663.836189433968,3483.8106870942265,2480
eil51_n50_uncorr_05.ttp,2398,0,16495,0,663.836189433968,3483.8106870942265,2359
eil51_n50_uncorr_05.ttp,2398,0,16495,0,663.836189433968,3483.8106870942265,2442
eil51_n50_uncorr_05.ttp,2398,0,16495,0,663.836189433968,3483.8106870942265,2415
eil51_n50_uncorr_05.ttp,2398,0,16495,0,663.836189433968,3483.8106870942265,2398
eil51_n50_uncorr_05.ttp,2398,0,16495,0,663.836189433968,3483.8106870942265,2453
eil51_n50_uncorr_05.ttp,2398,0,16495,0,663.836189433968,3483.8106870942265,2572
eil51_n50_uncorr_05.ttp,2398,0,16495,0,663.836189433968,3483.8106870942265,2519
eil51_n50_uncorr_06.ttp,3358,0,17348,0,655.1787663094245,3490.9690925556715,2431
eil51_n50_uncorr_06.ttp,3358,0,17348,0,655.1787663094245,3490.9690925556715,2480
eil51_n50_uncorr_06.ttp,3358,0,17348,0,655.1787663094245,3490.9690925556715,2468
eil51_n50_uncorr_06.ttp,3358,0,17348,0,655.1787663094245,3490.9690925556715,2541
eil51_n50_uncorr_06.ttp,3358,0,17348,0,655.1787663094245,3490.9690925556715,2465
eil51_n50_uncorr_06.ttp,3358,0,17348,0,655.1787663094245,3490.9690925556715,2564
eil51_n50_uncorr_06.ttp,3358,0,17348,0,655.1787663094245,3490.9690925556715,2531
eil51_n50_uncorr_06.ttp,3358,0,17348,0,655.1787663094245,3490.9690925556715,2486
eil51_n50_uncorr_06.ttp,3358,0,17348,0,655.1787663094245,3490.9690925556715,2513
eil51_n50_uncorr_06.ttp,3358,0,17348,0,655.1787663094245,3490.9690925556715,2551
eil51_n50_uncorr_07.ttp,4641,0,17992,0,626.4957521991581,3563.802826853387,2587
eil51_n50_uncorr_07.ttp,4641,0,17992,0,626.4957521991581,3563.802826853387,2458
eil51_n50_uncorr_07.ttp,4641,0,17992,0,626.4957521991581,3563.802826853387,2481
eil51_n50_uncorr_07.ttp,4641,0,17992,0,626.4957521991581,3563.802826853387,2489
eil51_n50_uncorr_07.ttp,4641,0,17992,0,626.4957521991581,3563.802826853387,2507
eil51_n50_uncorr_07.ttp,4641,0,17992,0,626.4957521991581,3563.802826853387,2533
eil51_n50_uncorr_07.ttp,4641,0,17992,0,626.4957521991581,3563.802826853387,2525
eil51_n50_uncorr_07.ttp,4641,0,17992,0,626.4957521991581,3563.802826853387,2512
eil51_n50_uncorr_07.ttp,4641,0,17992,0,626.4957521991581,3563.802826853387,2469
eil51_n50_uncorr_07.ttp,4641,0,17992,0,626.4957521991581,3563.802826853387,2542
eil51_n50_uncorr_08.ttp,4835,0,19178,0,663.1838095430185,3692.6580471705183,2620
eil51_n50_uncorr_08.ttp,4835,0,19178,0,663.1838095430185,3692.6580471705183,2572
eil51_n50_uncorr_08.ttp,4835,0,19178,0,663.1838095430185,3692.6580471705183,2577
eil51_n50_uncorr_08.ttp,4835,0,19178,0,663.1838095430185,3692.6580471705183,2636
eil51_n50_uncorr_08.ttp,4835,0,19178,0,663.1838095430185,3692.6580471705183,2581
eil51_n50_uncorr_08.ttp,4835,0,19178,0,663.1838095430185,3692.6580471705183,2538
eil51_n50_uncorr_08.ttp,4835,0,19178,0,663.1838095430185,3692.6580471705183,2591
eil51_n50_uncorr_08.ttp,4835,0,19178,0,663.1838095430185,3692.6580471705183,2557
eil51_n50_uncorr_08.ttp,4835,0,19178,0,663.1838095430185,3692.6580471705183,2562
eil51_n50_uncorr_08.ttp,4835,0,19178,0,663.1838095430185,3692.6580471705183,2540
eil51_n50_uncorr_09.ttp,5463,0,20133,0,666.3163521712668,5127.555749103072,2445
eil51_n50_uncorr_09.ttp,5463,0,20133,0,666.3163521712668,5127.555749103072,2553
eil51_n50_uncorr_09.ttp,5463,0,20133,0,666.3163521712668,5127.555749103072,2483
eil51_n50_uncorr_09.ttp,5463,0,20133,0,666.3163521712668,5127.555749103072,2504
eil51_n50_uncorr_09.ttp,5463,0,20133,0,666.3163521712668,5127.555749103072,2464
eil51_n50_uncorr_09.ttp,5463,0,20133,0,666.3163521712668,5127.555749103072,2487
eil51_n50_uncorr_09.ttp,5463,0,20133,0,666.3163521712668,5127.555749103072,2481
eil51_n50_uncorr_09.ttp,5463,0,20133,0,666.3163521712668,5127.555749103072,2550
eil51_n50_uncorr_09.ttp,5463,0,20133,0,666.3163521712668,5127.555749103072,2519
eil51_n50_uncorr_09.ttp,5463,0,20133,0,666.3163521712668,5127.555749103072,2506
eil51_n50_uncorr_10.ttp,5791,0,21157,0,674.94660830996,6085.4422364385955,2621
eil51_n50_uncorr_10.ttp,5791,0,21157,0,674.94660830996,6085.4422364385955,2427
eil51_n50_uncorr_10.ttp,5791,0,21157,0,674.94660830996,6085.4422364385955,2462
eil51_n50_uncorr_10.ttp,5791,0,21157,0,674.94660830996,6085.4422364385955,2549
eil51_n50_uncorr_10.ttp,5791,0,21157,0,674.94660830996,6085.4422364385955,2510
eil51_n50_uncorr_10.ttp,5791,0,21157,0,674.94660830996,6085.4422364385955,2511
eil51_n50_uncorr_10.ttp,5791,0,21157,0,674.94660830996,6085.4422364385955,2521
eil51_n50_uncorr_10.ttp,5791,0,21157,0,674.94660830996,6085.4422364385955,2465
eil51_n50_uncorr_10.ttp,5791,0,21157,0,674.94660830996,6085.4422364385955,2511
eil51_n50_uncorr_10.ttp,5791,0,21157,0,674.94660830996,6085.4422364385955,2470
eil51_n50_uncorr-similar-weights_01.ttp,545,0,3696,0,641.0532897083084,1247.1764333142619,451
eil51_n50_uncorr-similar-weights_01.ttp,540,0,3544,0,612.7195492629579,1203.4113218155007,513
eil51_n50_uncorr-similar-weights_01.ttp,540,0,3544,0,612.7195492629579,1203.4113218155007,509
eil51_n50_uncorr-similar-weights_01.ttp,545,0,3696,0,641.0532897083084,1247.1764333142619,436
eil51_n50_uncorr-similar-weights_01.ttp,545,0,3696,0,641.0532897083084,1247.1764333142619,534
eil51_n50_uncorr-similar-weights_01.ttp,545,0,3696,0,641.0532897083084,1247.1764333142619,536
eil51_n50_uncorr-similar-weights_01.ttp,546,0,3481,0,580.5004195953561,1263.4883971457398,536
eil51_n50_uncorr-similar-weights_01.ttp,545,0,3696,0,641.0532897083084,1247.1764333142619,498
eil51_n50_uncorr-similar-weights_01.ttp,545,0,3696,0,641.0532897083084,1247.1764333142619,539
eil51_n50_uncorr-similar-weights_01.ttp,545,0,3696,0,641.0532897083084,1247.1764333142619,533
eil51_n50_uncorr-similar-weights_02.ttp,96,0,7565,0,716.8685822766529,3385.6561653271137,669
eil51_n50_uncorr-similar-weights_02.ttp,96,0,7565,0,716.8685822766529,3385.6561653271137,759
eil51_n50_uncorr-similar-weights_02.ttp,96,0,7565,0,716.8685822766529,3385.6561653271137,636
eil51_n50_uncorr-similar-weights_02.ttp,96,0,7565,0,716.8685822766529,3385.6561653271137,706
eil51_n50_uncorr-similar-weights_02.ttp,96,0,7565,0,716.8685822766529,3385.6561653271137,716
eil51_n50_uncorr-similar-weights_02.ttp,96,0,7565,0,716.8685822766529,3385.6561653271137,686
eil51_n50_uncorr-similar-weights_02.ttp,96,0,7565,0,716.8685822766529,3385.6561653271137,675
eil51_n50_uncorr-similar-weights_02.ttp,96,0,7565,0,716.8685822766529,3385.6561653271137,729
eil51_n50_uncorr-similar-weights_02.ttp,96,0,7565,0,716.8685822766529,3385.6561653271137,747
eil51_n50_uncorr-similar-weights_02.ttp,96,0,7565,0,716.8685822766529,3385.6561653271137,729
eil51_n50_uncorr-similar-weights_03.ttp,654,0,10503,0,738.3566320718039,3791.3382144673024,873
eil51_n50_uncorr-similar-weights_03.ttp,654,0,10503,0,738.3566320718039,3791.3382144673024,807
eil51_n50_uncorr-similar-weights_03.ttp,654,0,10503,0,738.3566320718039,3791.3382144673024,855
eil51_n50_uncorr-similar-weights_03.ttp,654,0,10503,0,738.3566320718039,3791.3382144673024,831
eil51_n50_uncorr-similar-weights_03.ttp,654,0,10503,0,738.3566320718039,3791.3382144673024,832
eil51_n50_uncorr-similar-weights_03.ttp,654,0,10503,0,738.3566320718039,3791.3382144673024,883
eil51_n50_uncorr-similar-weights_03.ttp,654,0,10503,0,738.3566320718039,3791.3382144673024,964
eil51_n50_uncorr-similar-weights_03.ttp,654,0,10503,0,738.3566320718039,3791.3382144673024,967
eil51_n50_uncorr-similar-weights_03.ttp,654,0,10503,0,738.3566320718039,3791.3382144673024,906
eil51_n50_uncorr-similar-weights_03.ttp,654,0,10503,0,738.3566320718039,3791.3382144673024,933
eil51_n50_uncorr-similar-weights_04.ttp,2196,0,12632,0,689.2824350461956,2658.0831648815492,2653
eil51_n50_uncorr-similar-weights_04.ttp,2196,0,12632,0,689.2824350461956,2658.0831648815492,2432
eil51_n50_uncorr-similar-weights_04.ttp,2196,0,12632,0,689.2824350461956,2658.0831648815492,2448
eil51_n50_uncorr-similar-weights_04.ttp,2196,0,12632,0,689.2824350461956,2658.0831648815492,2693
eil51_n50_uncorr-similar-weights_04.ttp,2196,0,12632,0,689.2824350461956,2658.0831648815492,2410
eil51_n50_uncorr-similar-weights_04.ttp,2196,0,12632,0,689.2824350461956,2658.0831648815492,2433
eil51_n50_uncorr-similar-weights_04.ttp,2196,0,12632,0,689.2824350461956,2658.0831648815492,2440
eil51_n50_uncorr-similar-weights_04.ttp,2196,0,12632,0,689.2824350461956,2658.0831648815492,2407
eil51_n50_uncorr-similar-weights_04.ttp,2196,0,12632,0,689.2824350461956,2658.0831648815492,2497
eil51_n50_uncorr-similar-weights_04.ttp,2196,0,12632,0,689.2824350461956,2658.0831648815492,2445
eil51_n50_uncorr-similar-weights_05.ttp,2753,0,15110,0,717.0275462243858,1271.3683578693544,2397
eil51_n50_uncorr-similar-weights_05.ttp,2753,0,15110,0,717.0275462243858,1271.3683578693544,2536
eil51_n50_uncorr-similar-weights_05.ttp,2753,0,15110,0,717.0275462243858,1271.3683578693544,2399
eil51_n50_uncorr-similar-weights_05.ttp,2753,0,15110,0,717.0275462243858,1271.3683578693544,2403
eil51_n50_uncorr-similar-weights_05.ttp,2753,0,15110,0,717.0275462243858,1271.3683578693544,2614
eil51_n50_uncorr-similar-weights_05.ttp,2753,0,15110,0,717.0275462243858,1271.3683578693544,2606
eil51_n50_uncorr-similar-weights_05.ttp,2753,0,15110,0,717.0275462243858,1271.3683578693544,2371
eil51_n50_uncorr-similar-weights_05.ttp,2753,0,15110,0,717.0275462243858,1271.3683578693544,2449
eil51_n50_uncorr-similar-weights_05.ttp,2753,0,15110,0,717.0275462243858,1271.3683578693544,2565
eil51_n50_uncorr-similar-weights_05.ttp,2753,0,15110,0,717.0275462243858,1271.3683578693544,2515
eil51_n50_uncorr-similar-weights_06.ttp,4311,0,16422,0,688.4569887527504,1819.8272685541651,2429
eil51_n50_uncorr-similar-weights_06.ttp,4311,0,16422,0,688.4569887527504,1819.8272685541651,2469
eil51_n50_uncorr-similar-weights_06.ttp,4311,0,16422,0,688.4569887527504,1819.8272685541651,2523
eil51_n50_uncorr-similar-weights_06.ttp,4311,0,16422,0,688.4569887527504,1819.8272685541651,2434
eil51_n50_uncorr-similar-weights_06.ttp,4311,0,16422,0,688.4569887527504,1819.8272685541651,2491
eil51_n50_uncorr-similar-weights_06.ttp,4311,0,16422,0,688.4569887527504,1819.8272685541651,2396
eil51_n50_uncorr-similar-weights_06.ttp,4311,0,16422,0,688.4569887527504,1819.8272685541651,2428
eil51_n50_uncorr-similar-weights_06.ttp,4311,0,16422,0,688.4569887527504,1819.8272685541651,2470
eil51_n50_uncorr-similar-weights_06.ttp,4311,0,16422,0,688.4569887527504,1819.8272685541651,2495
eil51_n50_uncorr-similar-weights_06.ttp,4311,0,16422,0,688.4569887527504,1819.8272685541651,2560
eil51_n50_uncorr-similar-weights_07.ttp,6877,0,17950,0,680.1412260012854,2116.3122586900754,2398
eil51_n50_uncorr-similar-weights_07.ttp,6877,0,17950,0,680.1412260012854,2116.3122586900754,2348
eil51_n50_uncorr-similar-weights_07.ttp,6877,0,17950,0,680.1412260012854,2116.3122586900754,2374
eil51_n50_uncorr-similar-weights_07.ttp,6877,0,17950,0,680.1412260012854,2116.3122586900754,2563
eil51_n50_uncorr-similar-weights_07.ttp,6877,0,17950,0,680.1412260012854,2116.3122586900754,2451
eil51_n50_uncorr-similar-weights_07.ttp,6877,0,17950,0,680.1412260012854,2116.3122586900754,2400
eil51_n50_uncorr-similar-weights_07.ttp,6877,0,17950,0,680.1412260012854,2116.3122586900754,2406
eil51_n50_uncorr-similar-weights_07.ttp,6877,0,17950,0,680.1412260012854,2116.3122586900754,2467
eil51_n50_uncorr-similar-weights_07.ttp,6877,0,17950,0,680.1412260012854,2116.3122586900754,2420
eil51_n50_uncorr-similar-weights_07.ttp,6877,0,17950,0,680.1412260012854,2116.3122586900754,2347
eil51_n50_uncorr-similar-weights_08.ttp,8423,0,19430,0,682.5469992865198,2966.966377209141,2514
eil51_n50_uncorr-similar-weights_08.ttp,8423,0,19430,0,682.5469992865198,2966.966377209141,2409
eil51_n50_uncorr-similar-weights_08.ttp,8423,0,19430,0,682.5469992865198,2966.966377209141,2537
eil51_n50_uncorr-similar-weights_08.ttp,8423,0,19430,0,682.5469992865198,2966.966377209141,2446
eil51_n50_uncorr-similar-weights_08.ttp,8423,0,19430,0,682.5469992865198,2966.966377209141,2451
eil51_n50_uncorr-similar-weights_08.ttp,8423,0,19430,0,682.5469992865198,2966.966377209141,2546
eil51_n50_uncorr-similar-weights_08.ttp,8423,0,19430,0,682.5469992865198,2966.966377209141,2457
eil51_n50_uncorr-similar-weights_08.ttp,8423,0,19430,0,682.5469992865198,2966.966377209141,2420
eil51_n50_uncorr-similar-weights_08.ttp,8423,0,19430,0,682.5469992865198,2966.966377209141,2458
eil51_n50_uncorr-similar-weights_08.ttp,8423,0,19430,0,682.5469992865198,2966.966377209141,2438
eil51_n50_uncorr-similar-weights_09.ttp,11987,0,19916,0,655.7342535240069,3811.166733450391,2480
eil51_n50_uncorr-similar-weights_09.ttp,11987,0,19916,0,655.7342535240069,3811.166733450391,2446
eil51_n50_uncorr-similar-weights_09.ttp,11987,0,19916,0,655.7342535240069,3811.166733450391,2428
eil51_n50_uncorr-similar-weights_09.ttp,11987,0,19916,0,655.7342535240069,3811.166733450391,2438
eil51_n50_uncorr-similar-weights_09.ttp,11987,0,19916,0,655.7342535240069,3811.166733450391,2429
eil51_n50_uncorr-similar-weights_09.ttp,11987,0,19916,0,655.7342535240069,3811.166733450391,2485
eil51_n50_uncorr-similar-weights_09.ttp,11987,0,19916,0,655.7342535240069,3811.166733450391,2432
eil51_n50_uncorr-similar-weights_09.ttp,11987,0,19916,0,655.7342535240069,3811.166733450391,2481
eil51_n50_uncorr-similar-weights_09.ttp,11987,0,19916,0,655.7342535240069,3811.166733450391,2394
eil51_n50_uncorr-similar-weights_09.ttp,11987,0,19916,0,655.7342535240069,3811.166733450391,2455
eil51_n50_uncorr-similar-weights_10.ttp,13535,0,21043,0,671.4400812761945,5076.154867252093,2515
eil51_n50_uncorr-similar-weights_10.ttp,13535,0,21043,0,671.4400812761945,5076.154867252093,2499
eil51_n50_uncorr-similar-weights_10.ttp,13535,0,21043,0,671.4400812761945,5076.154867252093,2460
eil51_n50_uncorr-similar-weights_10.ttp,13535,0,21043,0,671.4400812761945,5076.154867252093,2505
eil51_n50_uncorr-similar-weights_10.ttp,13535,0,21043,0,671.4400812761945,5076.154867252093,2425
eil51_n50_uncorr-similar-weights_10.ttp,13535,0,21043,0,671.4400812761945,5076.154867252093,2508
eil51_n50_uncorr-similar-weights_10.ttp,13535,0,21043,0,671.4400812761945,5076.154867252093,2558
eil51_n50_uncorr-similar-weights_10.ttp,13535,0,21043,0,671.4400812761945,5076.154867252093,2521
eil51_n50_uncorr-similar-weights_10.ttp,13535,0,21043,0,671.4400812761945,5076.154867252093,2484
eil51_n50_uncorr-similar-weights_10.ttp,13535,0,21043,0,671.4400812761945,5076.154867252093,2410
